{"cameraMode":{"drawMode":0,"name":"Shaded","section":"Shading Mode"},"sceneLighting":false,"audioPlay":false,"sceneViewState":{"m_AlwaysRefresh":false,"showFog":true,"showSkybox":false,"showFlares":true,"showImageEffects":true,"showParticleSystems":true,"showVisualEffectGraphs":true,"m_FxEnabled":true},"in2DMode":false,"pivot":{"x":1.4199999570846558,"y":1.4642653465270997,"z":-3.4200000762939455},"rotation":{"x":-0.09088099002838135,"y":-0.6780808568000794,"z":0.08507317304611206,"w":-0.7243715524673462},"size":0.8978418111801148,"orthographic":false}